,cod,prediction
0,0,3.1297316551208496
1,0,37.29924774169922
2,1,12.628206253051758
3,1,5.857416152954102
4,2,4.76432991027832
5,2,2.4508330821990967
6,3,2.371286630630493
7,3,12.622368812561035
